count,mean,std,min,25%,50%,75%,max
639.0,53.29420970266041,12.322895108267893,2.0,46.0,54.0,61.0,100.0
